CREATE TABLE IF NOT EXISTS "MyCareer_additionalimage" ("id" integer NOT NULL PRIMARY KEY AUTOINCREMENT, "image" varchar(100) NOT NULL);
CREATE UNIQUE INDEX "django_content_type_app_label_model_76bd3d3b_uniq" ON "django_content_type" ("app_label", "model");
CREATE UNIQUE INDEX "auth_group_permissions_group_id_permission_id_0cd325b0_uniq" ON "auth_group_permissions" ("group_id", "permission_id");
CREATE INDEX IF NOT EXISTS "auth_group_permissions_group_id_b120cbf9" ON "auth_group_permissions" ("group_id");
CREATE INDEX IF NOT EXISTS "auth_group_permissions_permission_id_84c5c92e" ON "auth_group_permissions" ("permission_id");
CREATE UNIQUE INDEX "auth_permission_content_type_id_codename_01ab375a_uniq" ON "auth_permission" ("content_type_id", "codename");
CREATE INDEX IF NOT EXISTS "auth_permission_content_type_id_2f476e4b" ON "auth_permission" ("content_type_id");
CREATE UNIQUE INDEX "MyCareer_userprofile_groups_userprofile_id_group_id_925767a8_uniq" ON "MyCareer_userprofile_groups" ("userprofile_id", "group_id");
CREATE INDEX IF NOT EXISTS "MyCareer_userprofile_groups_userprofile_id_55c6eb34" ON "MyCareer_userprofile_groups" ("userprofile_id");
CREATE INDEX IF NOT EXISTS "MyCareer_userprofile_groups_group_id_e6b8b21b" ON "MyCareer_userprofile_groups" ("group_id");
CREATE UNIQUE INDEX "MyCareer_userprofile_user_permissions_userprofile_id_permission_id_aa680e1c_uniq" ON "MyCareer_userprofile_user_permissions" ("userprofile_id", "permission_id");
CREATE INDEX IF NOT EXISTS "MyCareer_userprofile_user_permissions_userprofile_id_5f432dee" ON "MyCareer_userprofile_user_permissions" ("userprofile_id");
CREATE INDEX IF NOT EXISTS "MyCareer_userprofile_user_permissions_permission_id_34873551" ON "MyCareer_userprofile_user_permissions" ("permission_id");
CREATE INDEX IF NOT EXISTS "MyCareer_vacancy_career_center_id_d1f96407" ON "MyCareer_vacancy" ("career_center_id");
CREATE UNIQUE INDEX "MyCareer_vacancy_additional_images_vacancy_id_additionalimage_id_dcd3f0f9_uniq" ON "MyCareer_vacancy_additional_images" ("vacancy_id", "additionalimage_id");
CREATE INDEX IF NOT EXISTS "MyCareer_vacancy_additional_images_vacancy_id_7cbccd2d" ON "MyCareer_vacancy_additional_images" ("vacancy_id");
CREATE INDEX IF NOT EXISTS "MyCareer_vacancy_additional_images_additionalimage_id_4f70e86d" ON "MyCareer_vacancy_additional_images" ("additionalimage_id");
CREATE UNIQUE INDEX "MyCareer_messenger_career_centers_messenger_id_careercenter_id_2ec4dbb0_uniq" ON "MyCareer_messenger_career_centers" ("messenger_id", "careercenter_id");
CREATE INDEX IF NOT EXISTS "MyCareer_messenger_career_centers_messenger_id_9974427f" ON "MyCareer_messenger_career_centers" ("messenger_id");
CREATE INDEX IF NOT EXISTS "MyCareer_messenger_career_centers_careercenter_id_568c3e63" ON "MyCareer_messenger_career_centers" ("careercenter_id");
CREATE INDEX IF NOT EXISTS "django_admin_log_content_type_id_c4bce8eb" ON "django_admin_log" ("content_type_id");
CREATE INDEX IF NOT EXISTS "django_admin_log_user_id_c564eba6" ON "django_admin_log" ("user_id");
CREATE INDEX IF NOT EXISTS "django_session_expire_date_a5c62663" ON "django_session" ("expire_date");
CREATE INDEX IF NOT EXISTS "MyCareer_message_messenger_id_5f7fbde0" ON "MyCareer_message" ("messenger_id");
CREATE INDEX IF NOT EXISTS "MyCareer_vacancy_employer_id_534d1407" ON "MyCareer_vacancy" ("employer_id");
CREATE TABLE IF NOT EXISTS "MyCareer_careercenter" ("id" integer NOT NULL PRIMARY KEY AUTOINCREMENT, "name" varchar(100) NOT NULL, "description" text NOT NULL);
INSERT INTO "MyCareer_careercenter" VALUES(1,'test','test');
CREATE UNIQUE INDEX "django_content_type_app_label_model_76bd3d3b_uniq" ON "django_content_type" ("app_label", "model");
CREATE UNIQUE INDEX "auth_group_permissions_group_id_permission_id_0cd325b0_uniq" ON "auth_group_permissions" ("group_id", "permission_id");
CREATE INDEX IF NOT EXISTS "auth_group_permissions_group_id_b120cbf9" ON "auth_group_permissions" ("group_id");
CREATE INDEX IF NOT EXISTS "auth_group_permissions_permission_id_84c5c92e" ON "auth_group_permissions" ("permission_id");
CREATE UNIQUE INDEX "auth_permission_content_type_id_codename_01ab375a_uniq" ON "auth_permission" ("content_type_id", "codename");
CREATE INDEX IF NOT EXISTS "auth_permission_content_type_id_2f476e4b" ON "auth_permission" ("content_type_id");
CREATE UNIQUE INDEX "MyCareer_userprofile_groups_userprofile_id_group_id_925767a8_uniq" ON "MyCareer_userprofile_groups" ("userprofile_id", "group_id");
CREATE INDEX IF NOT EXISTS "MyCareer_userprofile_groups_userprofile_id_55c6eb34" ON "MyCareer_userprofile_groups" ("userprofile_id");
CREATE INDEX IF NOT EXISTS "MyCareer_userprofile_groups_group_id_e6b8b21b" ON "MyCareer_userprofile_groups" ("group_id");
CREATE UNIQUE INDEX "MyCareer_userprofile_user_permissions_userprofile_id_permission_id_aa680e1c_uniq" ON "MyCareer_userprofile_user_permissions" ("userprofile_id", "permission_id");
CREATE INDEX IF NOT EXISTS "MyCareer_userprofile_user_permissions_userprofile_id_5f432dee" ON "MyCareer_userprofile_user_permissions" ("userprofile_id");
CREATE INDEX IF NOT EXISTS "MyCareer_userprofile_user_permissions_permission_id_34873551" ON "MyCareer_userprofile_user_permissions" ("permission_id");
CREATE INDEX IF NOT EXISTS "MyCareer_vacancy_career_center_id_d1f96407" ON "MyCareer_vacancy" ("career_center_id");
CREATE UNIQUE INDEX "MyCareer_vacancy_additional_images_vacancy_id_additionalimage_id_dcd3f0f9_uniq" ON "MyCareer_vacancy_additional_images" ("vacancy_id", "additionalimage_id");
CREATE INDEX IF NOT EXISTS "MyCareer_vacancy_additional_images_vacancy_id_7cbccd2d" ON "MyCareer_vacancy_additional_images" ("vacancy_id");
CREATE INDEX IF NOT EXISTS "MyCareer_vacancy_additional_images_additionalimage_id_4f70e86d" ON "MyCareer_vacancy_additional_images" ("additionalimage_id");
CREATE UNIQUE INDEX "MyCareer_messenger_career_centers_messenger_id_careercenter_id_2ec4dbb0_uniq" ON "MyCareer_messenger_career_centers" ("messenger_id", "careercenter_id");
CREATE INDEX IF NOT EXISTS "MyCareer_messenger_career_centers_messenger_id_9974427f" ON "MyCareer_messenger_career_centers" ("messenger_id");
CREATE INDEX IF NOT EXISTS "MyCareer_messenger_career_centers_careercenter_id_568c3e63" ON "MyCareer_messenger_career_centers" ("careercenter_id");
CREATE INDEX IF NOT EXISTS "django_admin_log_content_type_id_c4bce8eb" ON "django_admin_log" ("content_type_id");
CREATE INDEX IF NOT EXISTS "django_admin_log_user_id_c564eba6" ON "django_admin_log" ("user_id");
CREATE INDEX IF NOT EXISTS "django_session_expire_date_a5c62663" ON "django_session" ("expire_date");
CREATE INDEX IF NOT EXISTS "MyCareer_message_messenger_id_5f7fbde0" ON "MyCareer_message" ("messenger_id");
CREATE INDEX IF NOT EXISTS "MyCareer_vacancy_employer_id_534d1407" ON "MyCareer_vacancy" ("employer_id");
CREATE TABLE IF NOT EXISTS "MyCareer_message" ("id" integer NOT NULL PRIMARY KEY AUTOINCREMENT, "person_id" integer NOT NULL, "message" text NOT NULL, "messenger_id" bigint NOT NULL REFERENCES "MyCareer_messenger" ("id") DEFERRABLE INITIALLY DEFERRED);
CREATE UNIQUE INDEX "django_content_type_app_label_model_76bd3d3b_uniq" ON "django_content_type" ("app_label", "model");
CREATE UNIQUE INDEX "auth_group_permissions_group_id_permission_id_0cd325b0_uniq" ON "auth_group_permissions" ("group_id", "permission_id");
CREATE INDEX IF NOT EXISTS "auth_group_permissions_group_id_b120cbf9" ON "auth_group_permissions" ("group_id");
CREATE INDEX IF NOT EXISTS "auth_group_permissions_permission_id_84c5c92e" ON "auth_group_permissions" ("permission_id");
CREATE UNIQUE INDEX "auth_permission_content_type_id_codename_01ab375a_uniq" ON "auth_permission" ("content_type_id", "codename");
CREATE INDEX IF NOT EXISTS "auth_permission_content_type_id_2f476e4b" ON "auth_permission" ("content_type_id");
CREATE UNIQUE INDEX "MyCareer_userprofile_groups_userprofile_id_group_id_925767a8_uniq" ON "MyCareer_userprofile_groups" ("userprofile_id", "group_id");
CREATE INDEX IF NOT EXISTS "MyCareer_userprofile_groups_userprofile_id_55c6eb34" ON "MyCareer_userprofile_groups" ("userprofile_id");
CREATE INDEX IF NOT EXISTS "MyCareer_userprofile_groups_group_id_e6b8b21b" ON "MyCareer_userprofile_groups" ("group_id");
CREATE UNIQUE INDEX "MyCareer_userprofile_user_permissions_userprofile_id_permission_id_aa680e1c_uniq" ON "MyCareer_userprofile_user_permissions" ("userprofile_id", "permission_id");
CREATE INDEX IF NOT EXISTS "MyCareer_userprofile_user_permissions_userprofile_id_5f432dee" ON "MyCareer_userprofile_user_permissions" ("userprofile_id");
CREATE INDEX IF NOT EXISTS "MyCareer_userprofile_user_permissions_permission_id_34873551" ON "MyCareer_userprofile_user_permissions" ("permission_id");
CREATE INDEX IF NOT EXISTS "MyCareer_vacancy_career_center_id_d1f96407" ON "MyCareer_vacancy" ("career_center_id");
CREATE UNIQUE INDEX "MyCareer_vacancy_additional_images_vacancy_id_additionalimage_id_dcd3f0f9_uniq" ON "MyCareer_vacancy_additional_images" ("vacancy_id", "additionalimage_id");
CREATE INDEX IF NOT EXISTS "MyCareer_vacancy_additional_images_vacancy_id_7cbccd2d" ON "MyCareer_vacancy_additional_images" ("vacancy_id");
CREATE INDEX IF NOT EXISTS "MyCareer_vacancy_additional_images_additionalimage_id_4f70e86d" ON "MyCareer_vacancy_additional_images" ("additionalimage_id");
CREATE UNIQUE INDEX "MyCareer_messenger_career_centers_messenger_id_careercenter_id_2ec4dbb0_uniq" ON "MyCareer_messenger_career_centers" ("messenger_id", "careercenter_id");
CREATE INDEX IF NOT EXISTS "MyCareer_messenger_career_centers_messenger_id_9974427f" ON "MyCareer_messenger_career_centers" ("messenger_id");
CREATE INDEX IF NOT EXISTS "MyCareer_messenger_career_centers_careercenter_id_568c3e63" ON "MyCareer_messenger_career_centers" ("careercenter_id");
CREATE INDEX IF NOT EXISTS "django_admin_log_content_type_id_c4bce8eb" ON "django_admin_log" ("content_type_id");
CREATE INDEX IF NOT EXISTS "django_admin_log_user_id_c564eba6" ON "django_admin_log" ("user_id");
CREATE INDEX IF NOT EXISTS "django_session_expire_date_a5c62663" ON "django_session" ("expire_date");
CREATE INDEX IF NOT EXISTS "MyCareer_message_messenger_id_5f7fbde0" ON "MyCareer_message" ("messenger_id");
CREATE INDEX IF NOT EXISTS "MyCareer_vacancy_employer_id_534d1407" ON "MyCareer_vacancy" ("employer_id");
CREATE TABLE IF NOT EXISTS "MyCareer_messenger" ("id" integer NOT NULL PRIMARY KEY AUTOINCREMENT, "name" varchar(100) NOT NULL, "description" text NOT NULL);
CREATE UNIQUE INDEX "django_content_type_app_label_model_76bd3d3b_uniq" ON "django_content_type" ("app_label", "model");
CREATE UNIQUE INDEX "auth_group_permissions_group_id_permission_id_0cd325b0_uniq" ON "auth_group_permissions" ("group_id", "permission_id");
CREATE INDEX IF NOT EXISTS "auth_group_permissions_group_id_b120cbf9" ON "auth_group_permissions" ("group_id");
CREATE INDEX IF NOT EXISTS "auth_group_permissions_permission_id_84c5c92e" ON "auth_group_permissions" ("permission_id");
CREATE UNIQUE INDEX "auth_permission_content_type_id_codename_01ab375a_uniq" ON "auth_permission" ("content_type_id", "codename");
CREATE INDEX IF NOT EXISTS "auth_permission_content_type_id_2f476e4b" ON "auth_permission" ("content_type_id");
CREATE UNIQUE INDEX "MyCareer_userprofile_groups_userprofile_id_group_id_925767a8_uniq" ON "MyCareer_userprofile_groups" ("userprofile_id", "group_id");
CREATE INDEX IF NOT EXISTS "MyCareer_userprofile_groups_userprofile_id_55c6eb34" ON "MyCareer_userprofile_groups" ("userprofile_id");
CREATE INDEX IF NOT EXISTS "MyCareer_userprofile_groups_group_id_e6b8b21b" ON "MyCareer_userprofile_groups" ("group_id");
CREATE UNIQUE INDEX "MyCareer_userprofile_user_permissions_userprofile_id_permission_id_aa680e1c_uniq" ON "MyCareer_userprofile_user_permissions" ("userprofile_id", "permission_id");
CREATE INDEX IF NOT EXISTS "MyCareer_userprofile_user_permissions_userprofile_id_5f432dee" ON "MyCareer_userprofile_user_permissions" ("userprofile_id");
CREATE INDEX IF NOT EXISTS "MyCareer_userprofile_user_permissions_permission_id_34873551" ON "MyCareer_userprofile_user_permissions" ("permission_id");
CREATE INDEX IF NOT EXISTS "MyCareer_vacancy_career_center_id_d1f96407" ON "MyCareer_vacancy" ("career_center_id");
CREATE UNIQUE INDEX "MyCareer_vacancy_additional_images_vacancy_id_additionalimage_id_dcd3f0f9_uniq" ON "MyCareer_vacancy_additional_images" ("vacancy_id", "additionalimage_id");
CREATE INDEX IF NOT EXISTS "MyCareer_vacancy_additional_images_vacancy_id_7cbccd2d" ON "MyCareer_vacancy_additional_images" ("vacancy_id");
CREATE INDEX IF NOT EXISTS "MyCareer_vacancy_additional_images_additionalimage_id_4f70e86d" ON "MyCareer_vacancy_additional_images" ("additionalimage_id");
CREATE UNIQUE INDEX "MyCareer_messenger_career_centers_messenger_id_careercenter_id_2ec4dbb0_uniq" ON "MyCareer_messenger_career_centers" ("messenger_id", "careercenter_id");
CREATE INDEX IF NOT EXISTS "MyCareer_messenger_career_centers_messenger_id_9974427f" ON "MyCareer_messenger_career_centers" ("messenger_id");
CREATE INDEX IF NOT EXISTS "MyCareer_messenger_career_centers_careercenter_id_568c3e63" ON "MyCareer_messenger_career_centers" ("careercenter_id");
CREATE INDEX IF NOT EXISTS "django_admin_log_content_type_id_c4bce8eb" ON "django_admin_log" ("content_type_id");
CREATE INDEX IF NOT EXISTS "django_admin_log_user_id_c564eba6" ON "django_admin_log" ("user_id");
CREATE INDEX IF NOT EXISTS "django_session_expire_date_a5c62663" ON "django_session" ("expire_date");
CREATE INDEX IF NOT EXISTS "MyCareer_message_messenger_id_5f7fbde0" ON "MyCareer_message" ("messenger_id");
CREATE INDEX IF NOT EXISTS "MyCareer_vacancy_employer_id_534d1407" ON "MyCareer_vacancy" ("employer_id");
CREATE TABLE IF NOT EXISTS "MyCareer_messenger_career_centers" ("id" integer NOT NULL PRIMARY KEY AUTOINCREMENT, "messenger_id" bigint NOT NULL REFERENCES "MyCareer_messenger" ("id") DEFERRABLE INITIALLY DEFERRED, "careercenter_id" bigint NOT NULL REFERENCES "MyCareer_careercenter" ("id") DEFERRABLE INITIALLY DEFERRED);
CREATE UNIQUE INDEX "django_content_type_app_label_model_76bd3d3b_uniq" ON "django_content_type" ("app_label", "model");
CREATE UNIQUE INDEX "auth_group_permissions_group_id_permission_id_0cd325b0_uniq" ON "auth_group_permissions" ("group_id", "permission_id");
CREATE INDEX IF NOT EXISTS "auth_group_permissions_group_id_b120cbf9" ON "auth_group_permissions" ("group_id");
CREATE INDEX IF NOT EXISTS "auth_group_permissions_permission_id_84c5c92e" ON "auth_group_permissions" ("permission_id");
CREATE UNIQUE INDEX "auth_permission_content_type_id_codename_01ab375a_uniq" ON "auth_permission" ("content_type_id", "codename");
CREATE INDEX IF NOT EXISTS "auth_permission_content_type_id_2f476e4b" ON "auth_permission" ("content_type_id");
CREATE UNIQUE INDEX "MyCareer_userprofile_groups_userprofile_id_group_id_925767a8_uniq" ON "MyCareer_userprofile_groups" ("userprofile_id", "group_id");
CREATE INDEX IF NOT EXISTS "MyCareer_userprofile_groups_userprofile_id_55c6eb34" ON "MyCareer_userprofile_groups" ("userprofile_id");
CREATE INDEX IF NOT EXISTS "MyCareer_userprofile_groups_group_id_e6b8b21b" ON "MyCareer_userprofile_groups" ("group_id");
CREATE UNIQUE INDEX "MyCareer_userprofile_user_permissions_userprofile_id_permission_id_aa680e1c_uniq" ON "MyCareer_userprofile_user_permissions" ("userprofile_id", "permission_id");
CREATE INDEX IF NOT EXISTS "MyCareer_userprofile_user_permissions_userprofile_id_5f432dee" ON "MyCareer_userprofile_user_permissions" ("userprofile_id");
CREATE INDEX IF NOT EXISTS "MyCareer_userprofile_user_permissions_permission_id_34873551" ON "MyCareer_userprofile_user_permissions" ("permission_id");
CREATE INDEX IF NOT EXISTS "MyCareer_vacancy_career_center_id_d1f96407" ON "MyCareer_vacancy" ("career_center_id");
CREATE UNIQUE INDEX "MyCareer_vacancy_additional_images_vacancy_id_additionalimage_id_dcd3f0f9_uniq" ON "MyCareer_vacancy_additional_images" ("vacancy_id", "additionalimage_id");
CREATE INDEX IF NOT EXISTS "MyCareer_vacancy_additional_images_vacancy_id_7cbccd2d" ON "MyCareer_vacancy_additional_images" ("vacancy_id");
CREATE INDEX IF NOT EXISTS "MyCareer_vacancy_additional_images_additionalimage_id_4f70e86d" ON "MyCareer_vacancy_additional_images" ("additionalimage_id");
CREATE UNIQUE INDEX "MyCareer_messenger_career_centers_messenger_id_careercenter_id_2ec4dbb0_uniq" ON "MyCareer_messenger_career_centers" ("messenger_id", "careercenter_id");
CREATE INDEX IF NOT EXISTS "MyCareer_messenger_career_centers_messenger_id_9974427f" ON "MyCareer_messenger_career_centers" ("messenger_id");
CREATE INDEX IF NOT EXISTS "MyCareer_messenger_career_centers_careercenter_id_568c3e63" ON "MyCareer_messenger_career_centers" ("careercenter_id");
CREATE INDEX IF NOT EXISTS "django_admin_log_content_type_id_c4bce8eb" ON "django_admin_log" ("content_type_id");
CREATE INDEX IF NOT EXISTS "django_admin_log_user_id_c564eba6" ON "django_admin_log" ("user_id");
CREATE INDEX IF NOT EXISTS "django_session_expire_date_a5c62663" ON "django_session" ("expire_date");
CREATE INDEX IF NOT EXISTS "MyCareer_message_messenger_id_5f7fbde0" ON "MyCareer_message" ("messenger_id");
CREATE INDEX IF NOT EXISTS "MyCareer_vacancy_employer_id_534d1407" ON "MyCareer_vacancy" ("employer_id");
CREATE TABLE IF NOT EXISTS "MyCareer_userprofile" ("id" integer NOT NULL PRIMARY KEY AUTOINCREMENT, "password" varchar(128) NOT NULL, "last_login" datetime NULL, "is_superuser" bool NOT NULL, "email" varchar(254) NOT NULL UNIQUE, "username" varchar(255) NOT NULL UNIQUE, "is_staff" bool NOT NULL, "company" varchar(255) NOT NULL, "faculty" varchar(255) NOT NULL, "is_employer" bool NOT NULL);
INSERT INTO "MyCareer_userprofile" VALUES(1,'pbkdf2_sha256$390000$LhP7ToWeGX8mT7eDVybqKP$3DUelYWQRa8iNomNLUQbf9UU66VHkkLGL3fmOxS7tnk=','2023-06-07 23:01:25.129548',1,'django@django.ru','django',1,'','',0);
INSERT INTO "MyCareer_userprofile" VALUES(2,'pbkdf2_sha256$390000$4NE0gK6W2lNFMSXgbnwHdL$v5dGCdSFgldQg7xAOBxw9HnDons43c+Squs15vOWxhQ=',NULL,0,'testemployee@testemployee.ru','testemployee',0,'','CSF',0);
INSERT INTO "MyCareer_userprofile" VALUES(3,'pbkdf2_sha256$390000$KTjLj1qBZRSxvp284RQDfx$LQipgmBfL+OcDScx/ljVSfeqkND2mjUlV4Hr2qW7p4E=','2023-06-08 17:12:42.607620',0,'e@e.ru','employer1',0,'ооо вектор','',1);
INSERT INTO "MyCareer_userprofile" VALUES(4,'pbkdf2_sha256$390000$MWCAa4rf4jaChh4I8hJbp3$st8H+beaL7VU1Yhs/3IRAA6Aa5YCIJoFGR8Kvl6CF6A=',NULL,0,'ssd@dsds.ru','testemployeee',0,'kel','',1);
INSERT INTO "MyCareer_userprofile" VALUES(5,'pbkdf2_sha256$390000$Q0j275rdkaIDDEuFqMJeB2$S3YnvmfzIBqTfuaEBuaWA612ek0xdOyhLZSNhKUAZTQ=',NULL,0,'dssd@sdsasd.ru','testapplicant',0,'','фкн',0);
INSERT INTO "MyCareer_userprofile" VALUES(6,'pbkdf2_sha256$390000$iZRZvP1yBPbkOcRBl4wjBk$1wGTnaeH596NsPnCQfE5Na6Gwy7yEPLe4YYonLg0Xvc=',NULL,0,'testemployeerrr@testemployee.ru','testemployerrrrrrrr',0,'лол','',1);
CREATE UNIQUE INDEX "django_content_type_app_label_model_76bd3d3b_uniq" ON "django_content_type" ("app_label", "model");
CREATE UNIQUE INDEX "auth_group_permissions_group_id_permission_id_0cd325b0_uniq" ON "auth_group_permissions" ("group_id", "permission_id");
CREATE INDEX IF NOT EXISTS "auth_group_permissions_group_id_b120cbf9" ON "auth_group_permissions" ("group_id");
CREATE INDEX IF NOT EXISTS "auth_group_permissions_permission_id_84c5c92e" ON "auth_group_permissions" ("permission_id");
CREATE UNIQUE INDEX "auth_permission_content_type_id_codename_01ab375a_uniq" ON "auth_permission" ("content_type_id", "codename");
CREATE INDEX IF NOT EXISTS "auth_permission_content_type_id_2f476e4b" ON "auth_permission" ("content_type_id");
CREATE UNIQUE INDEX "MyCareer_userprofile_groups_userprofile_id_group_id_925767a8_uniq" ON "MyCareer_userprofile_groups" ("userprofile_id", "group_id");
CREATE INDEX IF NOT EXISTS "MyCareer_userprofile_groups_userprofile_id_55c6eb34" ON "MyCareer_userprofile_groups" ("userprofile_id");
CREATE INDEX IF NOT EXISTS "MyCareer_userprofile_groups_group_id_e6b8b21b" ON "MyCareer_userprofile_groups" ("group_id");
CREATE UNIQUE INDEX "MyCareer_userprofile_user_permissions_userprofile_id_permission_id_aa680e1c_uniq" ON "MyCareer_userprofile_user_permissions" ("userprofile_id", "permission_id");
CREATE INDEX IF NOT EXISTS "MyCareer_userprofile_user_permissions_userprofile_id_5f432dee" ON "MyCareer_userprofile_user_permissions" ("userprofile_id");
CREATE INDEX IF NOT EXISTS "MyCareer_userprofile_user_permissions_permission_id_34873551" ON "MyCareer_userprofile_user_permissions" ("permission_id");
CREATE INDEX IF NOT EXISTS "MyCareer_vacancy_career_center_id_d1f96407" ON "MyCareer_vacancy" ("career_center_id");
CREATE UNIQUE INDEX "MyCareer_vacancy_additional_images_vacancy_id_additionalimage_id_dcd3f0f9_uniq" ON "MyCareer_vacancy_additional_images" ("vacancy_id", "additionalimage_id");
CREATE INDEX IF NOT EXISTS "MyCareer_vacancy_additional_images_vacancy_id_7cbccd2d" ON "MyCareer_vacancy_additional_images" ("vacancy_id");
CREATE INDEX IF NOT EXISTS "MyCareer_vacancy_additional_images_additionalimage_id_4f70e86d" ON "MyCareer_vacancy_additional_images" ("additionalimage_id");
CREATE UNIQUE INDEX "MyCareer_messenger_career_centers_messenger_id_careercenter_id_2ec4dbb0_uniq" ON "MyCareer_messenger_career_centers" ("messenger_id", "careercenter_id");
CREATE INDEX IF NOT EXISTS "MyCareer_messenger_career_centers_messenger_id_9974427f" ON "MyCareer_messenger_career_centers" ("messenger_id");
CREATE INDEX IF NOT EXISTS "MyCareer_messenger_career_centers_careercenter_id_568c3e63" ON "MyCareer_messenger_career_centers" ("careercenter_id");
CREATE INDEX IF NOT EXISTS "django_admin_log_content_type_id_c4bce8eb" ON "django_admin_log" ("content_type_id");
CREATE INDEX IF NOT EXISTS "django_admin_log_user_id_c564eba6" ON "django_admin_log" ("user_id");
CREATE INDEX IF NOT EXISTS "django_session_expire_date_a5c62663" ON "django_session" ("expire_date");
CREATE INDEX IF NOT EXISTS "MyCareer_message_messenger_id_5f7fbde0" ON "MyCareer_message" ("messenger_id");
CREATE INDEX IF NOT EXISTS "MyCareer_vacancy_employer_id_534d1407" ON "MyCareer_vacancy" ("employer_id");
CREATE TABLE IF NOT EXISTS "MyCareer_userprofile_groups" ("id" integer NOT NULL PRIMARY KEY AUTOINCREMENT, "userprofile_id" bigint NOT NULL REFERENCES "MyCareer_userprofile" ("id") DEFERRABLE INITIALLY DEFERRED, "group_id" integer NOT NULL REFERENCES "auth_group" ("id") DEFERRABLE INITIALLY DEFERRED);
CREATE UNIQUE INDEX "django_content_type_app_label_model_76bd3d3b_uniq" ON "django_content_type" ("app_label", "model");
CREATE UNIQUE INDEX "auth_group_permissions_group_id_permission_id_0cd325b0_uniq" ON "auth_group_permissions" ("group_id", "permission_id");
CREATE INDEX IF NOT EXISTS "auth_group_permissions_group_id_b120cbf9" ON "auth_group_permissions" ("group_id");
CREATE INDEX IF NOT EXISTS "auth_group_permissions_permission_id_84c5c92e" ON "auth_group_permissions" ("permission_id");
CREATE UNIQUE INDEX "auth_permission_content_type_id_codename_01ab375a_uniq" ON "auth_permission" ("content_type_id", "codename");
CREATE INDEX IF NOT EXISTS "auth_permission_content_type_id_2f476e4b" ON "auth_permission" ("content_type_id");
CREATE UNIQUE INDEX "MyCareer_userprofile_groups_userprofile_id_group_id_925767a8_uniq" ON "MyCareer_userprofile_groups" ("userprofile_id", "group_id");
CREATE INDEX IF NOT EXISTS "MyCareer_userprofile_groups_userprofile_id_55c6eb34" ON "MyCareer_userprofile_groups" ("userprofile_id");
CREATE INDEX IF NOT EXISTS "MyCareer_userprofile_groups_group_id_e6b8b21b" ON "MyCareer_userprofile_groups" ("group_id");
CREATE UNIQUE INDEX "MyCareer_userprofile_user_permissions_userprofile_id_permission_id_aa680e1c_uniq" ON "MyCareer_userprofile_user_permissions" ("userprofile_id", "permission_id");
CREATE INDEX IF NOT EXISTS "MyCareer_userprofile_user_permissions_userprofile_id_5f432dee" ON "MyCareer_userprofile_user_permissions" ("userprofile_id");
CREATE INDEX IF NOT EXISTS "MyCareer_userprofile_user_permissions_permission_id_34873551" ON "MyCareer_userprofile_user_permissions" ("permission_id");
CREATE INDEX IF NOT EXISTS "MyCareer_vacancy_career_center_id_d1f96407" ON "MyCareer_vacancy" ("career_center_id");
CREATE UNIQUE INDEX "MyCareer_vacancy_additional_images_vacancy_id_additionalimage_id_dcd3f0f9_uniq" ON "MyCareer_vacancy_additional_images" ("vacancy_id", "additionalimage_id");
CREATE INDEX IF NOT EXISTS "MyCareer_vacancy_additional_images_vacancy_id_7cbccd2d" ON "MyCareer_vacancy_additional_images" ("vacancy_id");
CREATE INDEX IF NOT EXISTS "MyCareer_vacancy_additional_images_additionalimage_id_4f70e86d" ON "MyCareer_vacancy_additional_images" ("additionalimage_id");
CREATE UNIQUE INDEX "MyCareer_messenger_career_centers_messenger_id_careercenter_id_2ec4dbb0_uniq" ON "MyCareer_messenger_career_centers" ("messenger_id", "careercenter_id");
CREATE INDEX IF NOT EXISTS "MyCareer_messenger_career_centers_messenger_id_9974427f" ON "MyCareer_messenger_career_centers" ("messenger_id");
CREATE INDEX IF NOT EXISTS "MyCareer_messenger_career_centers_careercenter_id_568c3e63" ON "MyCareer_messenger_career_centers" ("careercenter_id");
CREATE INDEX IF NOT EXISTS "django_admin_log_content_type_id_c4bce8eb" ON "django_admin_log" ("content_type_id");
CREATE INDEX IF NOT EXISTS "django_admin_log_user_id_c564eba6" ON "django_admin_log" ("user_id");
CREATE INDEX IF NOT EXISTS "django_session_expire_date_a5c62663" ON "django_session" ("expire_date");
CREATE INDEX IF NOT EXISTS "MyCareer_message_messenger_id_5f7fbde0" ON "MyCareer_message" ("messenger_id");
CREATE INDEX IF NOT EXISTS "MyCareer_vacancy_employer_id_534d1407" ON "MyCareer_vacancy" ("employer_id");
CREATE TABLE IF NOT EXISTS "MyCareer_userprofile_user_permissions" ("id" integer NOT NULL PRIMARY KEY AUTOINCREMENT, "userprofile_id" bigint NOT NULL REFERENCES "MyCareer_userprofile" ("id") DEFERRABLE INITIALLY DEFERRED, "permission_id" integer NOT NULL REFERENCES "auth_permission" ("id") DEFERRABLE INITIALLY DEFERRED);
CREATE UNIQUE INDEX "django_content_type_app_label_model_76bd3d3b_uniq" ON "django_content_type" ("app_label", "model");
CREATE UNIQUE INDEX "auth_group_permissions_group_id_permission_id_0cd325b0_uniq" ON "auth_group_permissions" ("group_id", "permission_id");
CREATE INDEX IF NOT EXISTS "auth_group_permissions_group_id_b120cbf9" ON "auth_group_permissions" ("group_id");
CREATE INDEX IF NOT EXISTS "auth_group_permissions_permission_id_84c5c92e" ON "auth_group_permissions" ("permission_id");
CREATE UNIQUE INDEX "auth_permission_content_type_id_codename_01ab375a_uniq" ON "auth_permission" ("content_type_id", "codename");
CREATE INDEX IF NOT EXISTS "auth_permission_content_type_id_2f476e4b" ON "auth_permission" ("content_type_id");
CREATE UNIQUE INDEX "MyCareer_userprofile_groups_userprofile_id_group_id_925767a8_uniq" ON "MyCareer_userprofile_groups" ("userprofile_id", "group_id");
CREATE INDEX IF NOT EXISTS "MyCareer_userprofile_groups_userprofile_id_55c6eb34" ON "MyCareer_userprofile_groups" ("userprofile_id");
CREATE INDEX IF NOT EXISTS "MyCareer_userprofile_groups_group_id_e6b8b21b" ON "MyCareer_userprofile_groups" ("group_id");
CREATE UNIQUE INDEX "MyCareer_userprofile_user_permissions_userprofile_id_permission_id_aa680e1c_uniq" ON "MyCareer_userprofile_user_permissions" ("userprofile_id", "permission_id");
CREATE INDEX IF NOT EXISTS "MyCareer_userprofile_user_permissions_userprofile_id_5f432dee" ON "MyCareer_userprofile_user_permissions" ("userprofile_id");
CREATE INDEX IF NOT EXISTS "MyCareer_userprofile_user_permissions_permission_id_34873551" ON "MyCareer_userprofile_user_permissions" ("permission_id");
CREATE INDEX IF NOT EXISTS "MyCareer_vacancy_career_center_id_d1f96407" ON "MyCareer_vacancy" ("career_center_id");
CREATE UNIQUE INDEX "MyCareer_vacancy_additional_images_vacancy_id_additionalimage_id_dcd3f0f9_uniq" ON "MyCareer_vacancy_additional_images" ("vacancy_id", "additionalimage_id");
CREATE INDEX IF NOT EXISTS "MyCareer_vacancy_additional_images_vacancy_id_7cbccd2d" ON "MyCareer_vacancy_additional_images" ("vacancy_id");
CREATE INDEX IF NOT EXISTS "MyCareer_vacancy_additional_images_additionalimage_id_4f70e86d" ON "MyCareer_vacancy_additional_images" ("additionalimage_id");
CREATE UNIQUE INDEX "MyCareer_messenger_career_centers_messenger_id_careercenter_id_2ec4dbb0_uniq" ON "MyCareer_messenger_career_centers" ("messenger_id", "careercenter_id");
CREATE INDEX IF NOT EXISTS "MyCareer_messenger_career_centers_messenger_id_9974427f" ON "MyCareer_messenger_career_centers" ("messenger_id");
CREATE INDEX IF NOT EXISTS "MyCareer_messenger_career_centers_careercenter_id_568c3e63" ON "MyCareer_messenger_career_centers" ("careercenter_id");
CREATE INDEX IF NOT EXISTS "django_admin_log_content_type_id_c4bce8eb" ON "django_admin_log" ("content_type_id");
CREATE INDEX IF NOT EXISTS "django_admin_log_user_id_c564eba6" ON "django_admin_log" ("user_id");
CREATE INDEX IF NOT EXISTS "django_session_expire_date_a5c62663" ON "django_session" ("expire_date");
CREATE INDEX IF NOT EXISTS "MyCareer_message_messenger_id_5f7fbde0" ON "MyCareer_message" ("messenger_id");
CREATE INDEX IF NOT EXISTS "MyCareer_vacancy_employer_id_534d1407" ON "MyCareer_vacancy" ("employer_id");
CREATE TABLE IF NOT EXISTS "MyCareer_vacancy" ("id" integer NOT NULL PRIMARY KEY AUTOINCREMENT, "title" varchar(100) NOT NULL, "short_description" text NOT NULL, "main_description" text NOT NULL, "salary" decimal NOT NULL, "main_image" varchar(100) NOT NULL, "career_center_id" bigint NOT NULL REFERENCES "MyCareer_careercenter" ("id") DEFERRABLE INITIALLY DEFERRED, "employer_id" bigint NULL REFERENCES "MyCareer_userprofile" ("id") DEFERRABLE INITIALLY DEFERRED);
INSERT INTO "MyCareer_vacancy" VALUES(1,'test','test','test',250000,'vacancy_images/0ufJCllFhbE_bH7TmyV.jpg',1,NULL);
INSERT INTO "MyCareer_vacancy" VALUES(2,'тестик','кек','шрекович',666666,'vacancy_images/0ufJCllFhbE_60rwPmM.jpg',1,NULL);
INSERT INTO "MyCareer_vacancy" VALUES(3,'тестик','кек','шрекович',666666,'vacancy_images/0ufJCllFhbE_nLDQj98.jpg',1,NULL);
INSERT INTO "MyCareer_vacancy" VALUES(4,'тестик','кек','шрекович',666666,'vacancy_images/0ufJCllFhbE_cQh2DXG.jpg',1,NULL);
INSERT INTO "MyCareer_vacancy" VALUES(5,'тестикк','кек','шрекович',666666,'vacancy_images/0ufJCllFhbE_11I8bOD.jpg',1,NULL);
INSERT INTO "MyCareer_vacancy" VALUES(6,'12345','gfsds','gbfvcx',5555,'vacancy_images/0ufJCllFhbE_LRbUgn5.jpg',1,NULL);
INSERT INTO "MyCareer_vacancy" VALUES(7,'аааа','аааа','ааааааааа',666666,'vacancy_images/0ufJCllFhbE_TiJJbhl.jpg',1,NULL);
INSERT INTO "MyCareer_vacancy" VALUES(8,'аааа','аааа','ааааааааа',666666,'vacancy_images/0ufJCllFhbE_OGzGcIY.jpg',1,NULL);
INSERT INTO "MyCareer_vacancy" VALUES(9,'блабла','аааа','ааааааааа',666666,'vacancy_images/0ufJCllFhbE_SnF8LRL.jpg',1,NULL);
INSERT INTO "MyCareer_vacancy" VALUES(10,'тестик','кекек','кекек',888,'vacancy_images/0ufJCllFhbE_3l57TZF.jpg',1,NULL);
INSERT INTO "MyCareer_vacancy" VALUES(11,'тестио','кекекавваы','кекекваывыаавыва',888,'vacancy_images/0ufJCllFhbE_VVbrj5p.jpg',1,NULL);
CREATE UNIQUE INDEX "django_content_type_app_label_model_76bd3d3b_uniq" ON "django_content_type" ("app_label", "model");
CREATE UNIQUE INDEX "auth_group_permissions_group_id_permission_id_0cd325b0_uniq" ON "auth_group_permissions" ("group_id", "permission_id");
CREATE INDEX IF NOT EXISTS "auth_group_permissions_group_id_b120cbf9" ON "auth_group_permissions" ("group_id");
CREATE INDEX IF NOT EXISTS "auth_group_permissions_permission_id_84c5c92e" ON "auth_group_permissions" ("permission_id");
CREATE UNIQUE INDEX "auth_permission_content_type_id_codename_01ab375a_uniq" ON "auth_permission" ("content_type_id", "codename");
CREATE INDEX IF NOT EXISTS "auth_permission_content_type_id_2f476e4b" ON "auth_permission" ("content_type_id");
CREATE UNIQUE INDEX "MyCareer_userprofile_groups_userprofile_id_group_id_925767a8_uniq" ON "MyCareer_userprofile_groups" ("userprofile_id", "group_id");
CREATE INDEX IF NOT EXISTS "MyCareer_userprofile_groups_userprofile_id_55c6eb34" ON "MyCareer_userprofile_groups" ("userprofile_id");
CREATE INDEX IF NOT EXISTS "MyCareer_userprofile_groups_group_id_e6b8b21b" ON "MyCareer_userprofile_groups" ("group_id");
CREATE UNIQUE INDEX "MyCareer_userprofile_user_permissions_userprofile_id_permission_id_aa680e1c_uniq" ON "MyCareer_userprofile_user_permissions" ("userprofile_id", "permission_id");
CREATE INDEX IF NOT EXISTS "MyCareer_userprofile_user_permissions_userprofile_id_5f432dee" ON "MyCareer_userprofile_user_permissions" ("userprofile_id");
CREATE INDEX IF NOT EXISTS "MyCareer_userprofile_user_permissions_permission_id_34873551" ON "MyCareer_userprofile_user_permissions" ("permission_id");
CREATE INDEX IF NOT EXISTS "MyCareer_vacancy_career_center_id_d1f96407" ON "MyCareer_vacancy" ("career_center_id");
CREATE UNIQUE INDEX "MyCareer_vacancy_additional_images_vacancy_id_additionalimage_id_dcd3f0f9_uniq" ON "MyCareer_vacancy_additional_images" ("vacancy_id", "additionalimage_id");
CREATE INDEX IF NOT EXISTS "MyCareer_vacancy_additional_images_vacancy_id_7cbccd2d" ON "MyCareer_vacancy_additional_images" ("vacancy_id");
CREATE INDEX IF NOT EXISTS "MyCareer_vacancy_additional_images_additionalimage_id_4f70e86d" ON "MyCareer_vacancy_additional_images" ("additionalimage_id");
CREATE UNIQUE INDEX "MyCareer_messenger_career_centers_messenger_id_careercenter_id_2ec4dbb0_uniq" ON "MyCareer_messenger_career_centers" ("messenger_id", "careercenter_id");
CREATE INDEX IF NOT EXISTS "MyCareer_messenger_career_centers_messenger_id_9974427f" ON "MyCareer_messenger_career_centers" ("messenger_id");
CREATE INDEX IF NOT EXISTS "MyCareer_messenger_career_centers_careercenter_id_568c3e63" ON "MyCareer_messenger_career_centers" ("careercenter_id");
CREATE INDEX IF NOT EXISTS "django_admin_log_content_type_id_c4bce8eb" ON "django_admin_log" ("content_type_id");
CREATE INDEX IF NOT EXISTS "django_admin_log_user_id_c564eba6" ON "django_admin_log" ("user_id");
CREATE INDEX IF NOT EXISTS "django_session_expire_date_a5c62663" ON "django_session" ("expire_date");
CREATE INDEX IF NOT EXISTS "MyCareer_message_messenger_id_5f7fbde0" ON "MyCareer_message" ("messenger_id");
CREATE INDEX IF NOT EXISTS "MyCareer_vacancy_employer_id_534d1407" ON "MyCareer_vacancy" ("employer_id");
CREATE TABLE IF NOT EXISTS "MyCareer_vacancy_additional_images" ("id" integer NOT NULL PRIMARY KEY AUTOINCREMENT, "vacancy_id" bigint NOT NULL REFERENCES "MyCareer_vacancy" ("id") DEFERRABLE INITIALLY DEFERRED, "additionalimage_id" bigint NOT NULL REFERENCES "MyCareer_additionalimage" ("id") DEFERRABLE INITIALLY DEFERRED);
CREATE UNIQUE INDEX "django_content_type_app_label_model_76bd3d3b_uniq" ON "django_content_type" ("app_label", "model");
CREATE UNIQUE INDEX "auth_group_permissions_group_id_permission_id_0cd325b0_uniq" ON "auth_group_permissions" ("group_id", "permission_id");
CREATE INDEX IF NOT EXISTS "auth_group_permissions_group_id_b120cbf9" ON "auth_group_permissions" ("group_id");
CREATE INDEX IF NOT EXISTS "auth_group_permissions_permission_id_84c5c92e" ON "auth_group_permissions" ("permission_id");
CREATE UNIQUE INDEX "auth_permission_content_type_id_codename_01ab375a_uniq" ON "auth_permission" ("content_type_id", "codename");
CREATE INDEX IF NOT EXISTS "auth_permission_content_type_id_2f476e4b" ON "auth_permission" ("content_type_id");
CREATE UNIQUE INDEX "MyCareer_userprofile_groups_userprofile_id_group_id_925767a8_uniq" ON "MyCareer_userprofile_groups" ("userprofile_id", "group_id");
CREATE INDEX IF NOT EXISTS "MyCareer_userprofile_groups_userprofile_id_55c6eb34" ON "MyCareer_userprofile_groups" ("userprofile_id");
CREATE INDEX IF NOT EXISTS "MyCareer_userprofile_groups_group_id_e6b8b21b" ON "MyCareer_userprofile_groups" ("group_id");
CREATE UNIQUE INDEX "MyCareer_userprofile_user_permissions_userprofile_id_permission_id_aa680e1c_uniq" ON "MyCareer_userprofile_user_permissions" ("userprofile_id", "permission_id");
CREATE INDEX IF NOT EXISTS "MyCareer_userprofile_user_permissions_userprofile_id_5f432dee" ON "MyCareer_userprofile_user_permissions" ("userprofile_id");
CREATE INDEX IF NOT EXISTS "MyCareer_userprofile_user_permissions_permission_id_34873551" ON "MyCareer_userprofile_user_permissions" ("permission_id");
CREATE INDEX IF NOT EXISTS "MyCareer_vacancy_career_center_id_d1f96407" ON "MyCareer_vacancy" ("career_center_id");
CREATE UNIQUE INDEX "MyCareer_vacancy_additional_images_vacancy_id_additionalimage_id_dcd3f0f9_uniq" ON "MyCareer_vacancy_additional_images" ("vacancy_id", "additionalimage_id");
CREATE INDEX IF NOT EXISTS "MyCareer_vacancy_additional_images_vacancy_id_7cbccd2d" ON "MyCareer_vacancy_additional_images" ("vacancy_id");
CREATE INDEX IF NOT EXISTS "MyCareer_vacancy_additional_images_additionalimage_id_4f70e86d" ON "MyCareer_vacancy_additional_images" ("additionalimage_id");
CREATE UNIQUE INDEX "MyCareer_messenger_career_centers_messenger_id_careercenter_id_2ec4dbb0_uniq" ON "MyCareer_messenger_career_centers" ("messenger_id", "careercenter_id");
CREATE INDEX IF NOT EXISTS "MyCareer_messenger_career_centers_messenger_id_9974427f" ON "MyCareer_messenger_career_centers" ("messenger_id");
CREATE INDEX IF NOT EXISTS "MyCareer_messenger_career_centers_careercenter_id_568c3e63" ON "MyCareer_messenger_career_centers" ("careercenter_id");
CREATE INDEX IF NOT EXISTS "django_admin_log_content_type_id_c4bce8eb" ON "django_admin_log" ("content_type_id");
CREATE INDEX IF NOT EXISTS "django_admin_log_user_id_c564eba6" ON "django_admin_log" ("user_id");
CREATE INDEX IF NOT EXISTS "django_session_expire_date_a5c62663" ON "django_session" ("expire_date");
CREATE INDEX IF NOT EXISTS "MyCareer_message_messenger_id_5f7fbde0" ON "MyCareer_message" ("messenger_id");
CREATE INDEX IF NOT EXISTS "MyCareer_vacancy_employer_id_534d1407" ON "MyCareer_vacancy" ("employer_id");
CREATE TABLE IF NOT EXISTS "auth_group" ("id" integer NOT NULL PRIMARY KEY AUTOINCREMENT, "name" varchar(150) NOT NULL UNIQUE);
INSERT INTO "auth_group" VALUES(1,'Employer');
CREATE UNIQUE INDEX "django_content_type_app_label_model_76bd3d3b_uniq" ON "django_content_type" ("app_label", "model");
CREATE UNIQUE INDEX "auth_group_permissions_group_id_permission_id_0cd325b0_uniq" ON "auth_group_permissions" ("group_id", "permission_id");
CREATE INDEX IF NOT EXISTS "auth_group_permissions_group_id_b120cbf9" ON "auth_group_permissions" ("group_id");
CREATE INDEX IF NOT EXISTS "auth_group_permissions_permission_id_84c5c92e" ON "auth_group_permissions" ("permission_id");
CREATE UNIQUE INDEX "auth_permission_content_type_id_codename_01ab375a_uniq" ON "auth_permission" ("content_type_id", "codename");
CREATE INDEX IF NOT EXISTS "auth_permission_content_type_id_2f476e4b" ON "auth_permission" ("content_type_id");
CREATE UNIQUE INDEX "MyCareer_userprofile_groups_userprofile_id_group_id_925767a8_uniq" ON "MyCareer_userprofile_groups" ("userprofile_id", "group_id");
CREATE INDEX IF NOT EXISTS "MyCareer_userprofile_groups_userprofile_id_55c6eb34" ON "MyCareer_userprofile_groups" ("userprofile_id");
CREATE INDEX IF NOT EXISTS "MyCareer_userprofile_groups_group_id_e6b8b21b" ON "MyCareer_userprofile_groups" ("group_id");
CREATE UNIQUE INDEX "MyCareer_userprofile_user_permissions_userprofile_id_permission_id_aa680e1c_uniq" ON "MyCareer_userprofile_user_permissions" ("userprofile_id", "permission_id");
CREATE INDEX IF NOT EXISTS "MyCareer_userprofile_user_permissions_userprofile_id_5f432dee" ON "MyCareer_userprofile_user_permissions" ("userprofile_id");
CREATE INDEX IF NOT EXISTS "MyCareer_userprofile_user_permissions_permission_id_34873551" ON "MyCareer_userprofile_user_permissions" ("permission_id");
CREATE INDEX IF NOT EXISTS "MyCareer_vacancy_career_center_id_d1f96407" ON "MyCareer_vacancy" ("career_center_id");
CREATE UNIQUE INDEX "MyCareer_vacancy_additional_images_vacancy_id_additionalimage_id_dcd3f0f9_uniq" ON "MyCareer_vacancy_additional_images" ("vacancy_id", "additionalimage_id");
CREATE INDEX IF NOT EXISTS "MyCareer_vacancy_additional_images_vacancy_id_7cbccd2d" ON "MyCareer_vacancy_additional_images" ("vacancy_id");
CREATE INDEX IF NOT EXISTS "MyCareer_vacancy_additional_images_additionalimage_id_4f70e86d" ON "MyCareer_vacancy_additional_images" ("additionalimage_id");
CREATE UNIQUE INDEX "MyCareer_messenger_career_centers_messenger_id_careercenter_id_2ec4dbb0_uniq" ON "MyCareer_messenger_career_centers" ("messenger_id", "careercenter_id");
CREATE INDEX IF NOT EXISTS "MyCareer_messenger_career_centers_messenger_id_9974427f" ON "MyCareer_messenger_career_centers" ("messenger_id");
CREATE INDEX IF NOT EXISTS "MyCareer_messenger_career_centers_careercenter_id_568c3e63" ON "MyCareer_messenger_career_centers" ("careercenter_id");
CREATE INDEX IF NOT EXISTS "django_admin_log_content_type_id_c4bce8eb" ON "django_admin_log" ("content_type_id");
CREATE INDEX IF NOT EXISTS "django_admin_log_user_id_c564eba6" ON "django_admin_log" ("user_id");
CREATE INDEX IF NOT EXISTS "django_session_expire_date_a5c62663" ON "django_session" ("expire_date");
CREATE INDEX IF NOT EXISTS "MyCareer_message_messenger_id_5f7fbde0" ON "MyCareer_message" ("messenger_id");
CREATE INDEX IF NOT EXISTS "MyCareer_vacancy_employer_id_534d1407" ON "MyCareer_vacancy" ("employer_id");
CREATE TABLE IF NOT EXISTS "auth_group_permissions" ("id" integer NOT NULL PRIMARY KEY AUTOINCREMENT, "group_id" integer NOT NULL REFERENCES "auth_group" ("id") DEFERRABLE INITIALLY DEFERRED, "permission_id" integer NOT NULL REFERENCES "auth_permission" ("id") DEFERRABLE INITIALLY DEFERRED);
INSERT INTO "auth_group_permissions" VALUES(1,1,33);
INSERT INTO "auth_group_permissions" VALUES(2,1,34);
INSERT INTO "auth_group_permissions" VALUES(3,1,35);
INSERT INTO "auth_group_permissions" VALUES(4,1,36);
INSERT INTO "auth_group_permissions" VALUES(5,1,37);
INSERT INTO "auth_group_permissions" VALUES(6,1,38);
INSERT INTO "auth_group_permissions" VALUES(7,1,39);
INSERT INTO "auth_group_permissions" VALUES(8,1,40);
INSERT INTO "auth_group_permissions" VALUES(9,1,41);
INSERT INTO "auth_group_permissions" VALUES(10,1,42);
INSERT INTO "auth_group_permissions" VALUES(11,1,43);
INSERT INTO "auth_group_permissions" VALUES(12,1,44);
INSERT INTO "auth_group_permissions" VALUES(13,1,21);
INSERT INTO "auth_group_permissions" VALUES(14,1,22);
INSERT INTO "auth_group_permissions" VALUES(15,1,23);
INSERT INTO "auth_group_permissions" VALUES(16,1,24);
CREATE UNIQUE INDEX "django_content_type_app_label_model_76bd3d3b_uniq" ON "django_content_type" ("app_label", "model");
CREATE UNIQUE INDEX "auth_group_permissions_group_id_permission_id_0cd325b0_uniq" ON "auth_group_permissions" ("group_id", "permission_id");
CREATE INDEX IF NOT EXISTS "auth_group_permissions_group_id_b120cbf9" ON "auth_group_permissions" ("group_id");
CREATE INDEX IF NOT EXISTS "auth_group_permissions_permission_id_84c5c92e" ON "auth_group_permissions" ("permission_id");
CREATE UNIQUE INDEX "auth_permission_content_type_id_codename_01ab375a_uniq" ON "auth_permission" ("content_type_id", "codename");
CREATE INDEX IF NOT EXISTS "auth_permission_content_type_id_2f476e4b" ON "auth_permission" ("content_type_id");
CREATE UNIQUE INDEX "MyCareer_userprofile_groups_userprofile_id_group_id_925767a8_uniq" ON "MyCareer_userprofile_groups" ("userprofile_id", "group_id");
CREATE INDEX IF NOT EXISTS "MyCareer_userprofile_groups_userprofile_id_55c6eb34" ON "MyCareer_userprofile_groups" ("userprofile_id");
CREATE INDEX IF NOT EXISTS "MyCareer_userprofile_groups_group_id_e6b8b21b" ON "MyCareer_userprofile_groups" ("group_id");
CREATE UNIQUE INDEX "MyCareer_userprofile_user_permissions_userprofile_id_permission_id_aa680e1c_uniq" ON "MyCareer_userprofile_user_permissions" ("userprofile_id", "permission_id");
CREATE INDEX IF NOT EXISTS "MyCareer_userprofile_user_permissions_userprofile_id_5f432dee" ON "MyCareer_userprofile_user_permissions" ("userprofile_id");
CREATE INDEX IF NOT EXISTS "MyCareer_userprofile_user_permissions_permission_id_34873551" ON "MyCareer_userprofile_user_permissions" ("permission_id");
CREATE INDEX IF NOT EXISTS "MyCareer_vacancy_career_center_id_d1f96407" ON "MyCareer_vacancy" ("career_center_id");
CREATE UNIQUE INDEX "MyCareer_vacancy_additional_images_vacancy_id_additionalimage_id_dcd3f0f9_uniq" ON "MyCareer_vacancy_additional_images" ("vacancy_id", "additionalimage_id");
CREATE INDEX IF NOT EXISTS "MyCareer_vacancy_additional_images_vacancy_id_7cbccd2d" ON "MyCareer_vacancy_additional_images" ("vacancy_id");
CREATE INDEX IF NOT EXISTS "MyCareer_vacancy_additional_images_additionalimage_id_4f70e86d" ON "MyCareer_vacancy_additional_images" ("additionalimage_id");
CREATE UNIQUE INDEX "MyCareer_messenger_career_centers_messenger_id_careercenter_id_2ec4dbb0_uniq" ON "MyCareer_messenger_career_centers" ("messenger_id", "careercenter_id");
CREATE INDEX IF NOT EXISTS "MyCareer_messenger_career_centers_messenger_id_9974427f" ON "MyCareer_messenger_career_centers" ("messenger_id");
CREATE INDEX IF NOT EXISTS "MyCareer_messenger_career_centers_careercenter_id_568c3e63" ON "MyCareer_messenger_career_centers" ("careercenter_id");
CREATE INDEX IF NOT EXISTS "django_admin_log_content_type_id_c4bce8eb" ON "django_admin_log" ("content_type_id");
CREATE INDEX IF NOT EXISTS "django_admin_log_user_id_c564eba6" ON "django_admin_log" ("user_id");
CREATE INDEX IF NOT EXISTS "django_session_expire_date_a5c62663" ON "django_session" ("expire_date");
CREATE INDEX IF NOT EXISTS "MyCareer_message_messenger_id_5f7fbde0" ON "MyCareer_message" ("messenger_id");
CREATE INDEX IF NOT EXISTS "MyCareer_vacancy_employer_id_534d1407" ON "MyCareer_vacancy" ("employer_id");
CREATE TABLE IF NOT EXISTS "auth_permission" ("id" integer NOT NULL PRIMARY KEY AUTOINCREMENT, "content_type_id" integer NOT NULL REFERENCES "django_content_type" ("id") DEFERRABLE INITIALLY DEFERRED, "codename" varchar(100) NOT NULL, "name" varchar(255) NOT NULL);
INSERT INTO "auth_permission" VALUES(1,1,'add_logentry','Can add log entry');
INSERT INTO "auth_permission" VALUES(2,1,'change_logentry','Can change log entry');
INSERT INTO "auth_permission" VALUES(3,1,'delete_logentry','Can delete log entry');
INSERT INTO "auth_permission" VALUES(4,1,'view_logentry','Can view log entry');
INSERT INTO "auth_permission" VALUES(5,2,'add_permission','Can add permission');
INSERT INTO "auth_permission" VALUES(6,2,'change_permission','Can change permission');
INSERT INTO "auth_permission" VALUES(7,2,'delete_permission','Can delete permission');
INSERT INTO "auth_permission" VALUES(8,2,'view_permission','Can view permission');
INSERT INTO "auth_permission" VALUES(9,3,'add_group','Can add group');
INSERT INTO "auth_permission" VALUES(10,3,'change_group','Can change group');
INSERT INTO "auth_permission" VALUES(11,3,'delete_group','Can delete group');
INSERT INTO "auth_permission" VALUES(12,3,'view_group','Can view group');
INSERT INTO "auth_permission" VALUES(13,4,'add_contenttype','Can add content type');
INSERT INTO "auth_permission" VALUES(14,4,'change_contenttype','Can change content type');
INSERT INTO "auth_permission" VALUES(15,4,'delete_contenttype','Can delete content type');
INSERT INTO "auth_permission" VALUES(16,4,'view_contenttype','Can view content type');
INSERT INTO "auth_permission" VALUES(17,5,'add_session','Can add session');
INSERT INTO "auth_permission" VALUES(18,5,'change_session','Can change session');
INSERT INTO "auth_permission" VALUES(19,5,'delete_session','Can delete session');
INSERT INTO "auth_permission" VALUES(20,5,'view_session','Can view session');
INSERT INTO "auth_permission" VALUES(21,6,'add_additionalimage','Can add additional image');
INSERT INTO "auth_permission" VALUES(22,6,'change_additionalimage','Can change additional image');
INSERT INTO "auth_permission" VALUES(23,6,'delete_additionalimage','Can delete additional image');
INSERT INTO "auth_permission" VALUES(24,6,'view_additionalimage','Can view additional image');
INSERT INTO "auth_permission" VALUES(25,7,'add_careercenter','Can add career center');
INSERT INTO "auth_permission" VALUES(26,7,'change_careercenter','Can change career center');
INSERT INTO "auth_permission" VALUES(27,7,'delete_careercenter','Can delete career center');
INSERT INTO "auth_permission" VALUES(28,7,'view_careercenter','Can view career center');
INSERT INTO "auth_permission" VALUES(29,8,'add_userprofile','Can add user profile');
INSERT INTO "auth_permission" VALUES(30,8,'change_userprofile','Can change user profile');
INSERT INTO "auth_permission" VALUES(31,8,'delete_userprofile','Can delete user profile');
INSERT INTO "auth_permission" VALUES(32,8,'view_userprofile','Can view user profile');
INSERT INTO "auth_permission" VALUES(33,9,'add_vacancy','Can add vacancy');
INSERT INTO "auth_permission" VALUES(34,9,'change_vacancy','Can change vacancy');
INSERT INTO "auth_permission" VALUES(35,9,'delete_vacancy','Can delete vacancy');
INSERT INTO "auth_permission" VALUES(36,9,'view_vacancy','Can view vacancy');
INSERT INTO "auth_permission" VALUES(37,10,'add_messenger','Can add messenger');
INSERT INTO "auth_permission" VALUES(38,10,'change_messenger','Can change messenger');
INSERT INTO "auth_permission" VALUES(39,10,'delete_messenger','Can delete messenger');
INSERT INTO "auth_permission" VALUES(40,10,'view_messenger','Can view messenger');
INSERT INTO "auth_permission" VALUES(41,11,'add_message','Can add message');
INSERT INTO "auth_permission" VALUES(42,11,'change_message','Can change message');
INSERT INTO "auth_permission" VALUES(43,11,'delete_message','Can delete message');
INSERT INTO "auth_permission" VALUES(44,11,'view_message','Can view message');
CREATE UNIQUE INDEX "django_content_type_app_label_model_76bd3d3b_uniq" ON "django_content_type" ("app_label", "model");
CREATE UNIQUE INDEX "auth_group_permissions_group_id_permission_id_0cd325b0_uniq" ON "auth_group_permissions" ("group_id", "permission_id");
CREATE INDEX IF NOT EXISTS "auth_group_permissions_group_id_b120cbf9" ON "auth_group_permissions" ("group_id");
CREATE INDEX IF NOT EXISTS "auth_group_permissions_permission_id_84c5c92e" ON "auth_group_permissions" ("permission_id");
CREATE UNIQUE INDEX "auth_permission_content_type_id_codename_01ab375a_uniq" ON "auth_permission" ("content_type_id", "codename");
CREATE INDEX IF NOT EXISTS "auth_permission_content_type_id_2f476e4b" ON "auth_permission" ("content_type_id");
CREATE UNIQUE INDEX "MyCareer_userprofile_groups_userprofile_id_group_id_925767a8_uniq" ON "MyCareer_userprofile_groups" ("userprofile_id", "group_id");
CREATE INDEX IF NOT EXISTS "MyCareer_userprofile_groups_userprofile_id_55c6eb34" ON "MyCareer_userprofile_groups" ("userprofile_id");
CREATE INDEX IF NOT EXISTS "MyCareer_userprofile_groups_group_id_e6b8b21b" ON "MyCareer_userprofile_groups" ("group_id");
CREATE UNIQUE INDEX "MyCareer_userprofile_user_permissions_userprofile_id_permission_id_aa680e1c_uniq" ON "MyCareer_userprofile_user_permissions" ("userprofile_id", "permission_id");
CREATE INDEX IF NOT EXISTS "MyCareer_userprofile_user_permissions_userprofile_id_5f432dee" ON "MyCareer_userprofile_user_permissions" ("userprofile_id");
CREATE INDEX IF NOT EXISTS "MyCareer_userprofile_user_permissions_permission_id_34873551" ON "MyCareer_userprofile_user_permissions" ("permission_id");
CREATE INDEX IF NOT EXISTS "MyCareer_vacancy_career_center_id_d1f96407" ON "MyCareer_vacancy" ("career_center_id");
CREATE UNIQUE INDEX "MyCareer_vacancy_additional_images_vacancy_id_additionalimage_id_dcd3f0f9_uniq" ON "MyCareer_vacancy_additional_images" ("vacancy_id", "additionalimage_id");
CREATE INDEX IF NOT EXISTS "MyCareer_vacancy_additional_images_vacancy_id_7cbccd2d" ON "MyCareer_vacancy_additional_images" ("vacancy_id");
CREATE INDEX IF NOT EXISTS "MyCareer_vacancy_additional_images_additionalimage_id_4f70e86d" ON "MyCareer_vacancy_additional_images" ("additionalimage_id");
CREATE UNIQUE INDEX "MyCareer_messenger_career_centers_messenger_id_careercenter_id_2ec4dbb0_uniq" ON "MyCareer_messenger_career_centers" ("messenger_id", "careercenter_id");
CREATE INDEX IF NOT EXISTS "MyCareer_messenger_career_centers_messenger_id_9974427f" ON "MyCareer_messenger_career_centers" ("messenger_id");
CREATE INDEX IF NOT EXISTS "MyCareer_messenger_career_centers_careercenter_id_568c3e63" ON "MyCareer_messenger_career_centers" ("careercenter_id");
CREATE INDEX IF NOT EXISTS "django_admin_log_content_type_id_c4bce8eb" ON "django_admin_log" ("content_type_id");
CREATE INDEX IF NOT EXISTS "django_admin_log_user_id_c564eba6" ON "django_admin_log" ("user_id");
CREATE INDEX IF NOT EXISTS "django_session_expire_date_a5c62663" ON "django_session" ("expire_date");
CREATE INDEX IF NOT EXISTS "MyCareer_message_messenger_id_5f7fbde0" ON "MyCareer_message" ("messenger_id");
CREATE INDEX IF NOT EXISTS "MyCareer_vacancy_employer_id_534d1407" ON "MyCareer_vacancy" ("employer_id");
CREATE TABLE IF NOT EXISTS "django_admin_log" ("id" integer NOT NULL PRIMARY KEY AUTOINCREMENT, "object_id" text NULL, "object_repr" varchar(200) NOT NULL, "action_flag" smallint unsigned NOT NULL CHECK ("action_flag" >= 0), "change_message" text NOT NULL, "content_type_id" integer NULL REFERENCES "django_content_type" ("id") DEFERRABLE INITIALLY DEFERRED, "user_id" bigint NOT NULL REFERENCES "MyCareer_userprofile" ("id") DEFERRABLE INITIALLY DEFERRED, "action_time" datetime NOT NULL);
INSERT INTO "django_admin_log" VALUES(1,'1','test',1,'[{"added": {}}]',7,1,'2023-06-08 06:57:32.462604');
INSERT INTO "django_admin_log" VALUES(2,'1','test',1,'[{"added": {}}]',9,1,'2023-06-08 06:57:56.394692');
INSERT INTO "django_admin_log" VALUES(3,'1','Employer',1,'[{"added": {}}]',3,1,'2023-06-08 17:09:26.071301');
CREATE UNIQUE INDEX "django_content_type_app_label_model_76bd3d3b_uniq" ON "django_content_type" ("app_label", "model");
CREATE UNIQUE INDEX "auth_group_permissions_group_id_permission_id_0cd325b0_uniq" ON "auth_group_permissions" ("group_id", "permission_id");
CREATE INDEX IF NOT EXISTS "auth_group_permissions_group_id_b120cbf9" ON "auth_group_permissions" ("group_id");
CREATE INDEX IF NOT EXISTS "auth_group_permissions_permission_id_84c5c92e" ON "auth_group_permissions" ("permission_id");
CREATE UNIQUE INDEX "auth_permission_content_type_id_codename_01ab375a_uniq" ON "auth_permission" ("content_type_id", "codename");
CREATE INDEX IF NOT EXISTS "auth_permission_content_type_id_2f476e4b" ON "auth_permission" ("content_type_id");
CREATE UNIQUE INDEX "MyCareer_userprofile_groups_userprofile_id_group_id_925767a8_uniq" ON "MyCareer_userprofile_groups" ("userprofile_id", "group_id");
CREATE INDEX IF NOT EXISTS "MyCareer_userprofile_groups_userprofile_id_55c6eb34" ON "MyCareer_userprofile_groups" ("userprofile_id");
CREATE INDEX IF NOT EXISTS "MyCareer_userprofile_groups_group_id_e6b8b21b" ON "MyCareer_userprofile_groups" ("group_id");
CREATE UNIQUE INDEX "MyCareer_userprofile_user_permissions_userprofile_id_permission_id_aa680e1c_uniq" ON "MyCareer_userprofile_user_permissions" ("userprofile_id", "permission_id");
CREATE INDEX IF NOT EXISTS "MyCareer_userprofile_user_permissions_userprofile_id_5f432dee" ON "MyCareer_userprofile_user_permissions" ("userprofile_id");
CREATE INDEX IF NOT EXISTS "MyCareer_userprofile_user_permissions_permission_id_34873551" ON "MyCareer_userprofile_user_permissions" ("permission_id");
CREATE INDEX IF NOT EXISTS "MyCareer_vacancy_career_center_id_d1f96407" ON "MyCareer_vacancy" ("career_center_id");
CREATE UNIQUE INDEX "MyCareer_vacancy_additional_images_vacancy_id_additionalimage_id_dcd3f0f9_uniq" ON "MyCareer_vacancy_additional_images" ("vacancy_id", "additionalimage_id");
CREATE INDEX IF NOT EXISTS "MyCareer_vacancy_additional_images_vacancy_id_7cbccd2d" ON "MyCareer_vacancy_additional_images" ("vacancy_id");
CREATE INDEX IF NOT EXISTS "MyCareer_vacancy_additional_images_additionalimage_id_4f70e86d" ON "MyCareer_vacancy_additional_images" ("additionalimage_id");
CREATE UNIQUE INDEX "MyCareer_messenger_career_centers_messenger_id_careercenter_id_2ec4dbb0_uniq" ON "MyCareer_messenger_career_centers" ("messenger_id", "careercenter_id");
CREATE INDEX IF NOT EXISTS "MyCareer_messenger_career_centers_messenger_id_9974427f" ON "MyCareer_messenger_career_centers" ("messenger_id");
CREATE INDEX IF NOT EXISTS "MyCareer_messenger_career_centers_careercenter_id_568c3e63" ON "MyCareer_messenger_career_centers" ("careercenter_id");
CREATE INDEX IF NOT EXISTS "django_admin_log_content_type_id_c4bce8eb" ON "django_admin_log" ("content_type_id");
CREATE INDEX IF NOT EXISTS "django_admin_log_user_id_c564eba6" ON "django_admin_log" ("user_id");
CREATE INDEX IF NOT EXISTS "django_session_expire_date_a5c62663" ON "django_session" ("expire_date");
CREATE INDEX IF NOT EXISTS "MyCareer_message_messenger_id_5f7fbde0" ON "MyCareer_message" ("messenger_id");
CREATE INDEX IF NOT EXISTS "MyCareer_vacancy_employer_id_534d1407" ON "MyCareer_vacancy" ("employer_id");
CREATE TABLE IF NOT EXISTS "django_content_type" ("id" integer NOT NULL PRIMARY KEY AUTOINCREMENT, "app_label" varchar(100) NOT NULL, "model" varchar(100) NOT NULL);
INSERT INTO "django_content_type" VALUES(1,'admin','logentry');
INSERT INTO "django_content_type" VALUES(2,'auth','permission');
INSERT INTO "django_content_type" VALUES(3,'auth','group');
INSERT INTO "django_content_type" VALUES(4,'contenttypes','contenttype');
INSERT INTO "django_content_type" VALUES(5,'sessions','session');
INSERT INTO "django_content_type" VALUES(6,'MyCareer','additionalimage');
INSERT INTO "django_content_type" VALUES(7,'MyCareer','careercenter');
INSERT INTO "django_content_type" VALUES(8,'MyCareer','userprofile');
INSERT INTO "django_content_type" VALUES(9,'MyCareer','vacancy');
INSERT INTO "django_content_type" VALUES(10,'MyCareer','messenger');
INSERT INTO "django_content_type" VALUES(11,'MyCareer','message');
CREATE UNIQUE INDEX "django_content_type_app_label_model_76bd3d3b_uniq" ON "django_content_type" ("app_label", "model");
CREATE UNIQUE INDEX "auth_group_permissions_group_id_permission_id_0cd325b0_uniq" ON "auth_group_permissions" ("group_id", "permission_id");
CREATE INDEX IF NOT EXISTS "auth_group_permissions_group_id_b120cbf9" ON "auth_group_permissions" ("group_id");
CREATE INDEX IF NOT EXISTS "auth_group_permissions_permission_id_84c5c92e" ON "auth_group_permissions" ("permission_id");
CREATE UNIQUE INDEX "auth_permission_content_type_id_codename_01ab375a_uniq" ON "auth_permission" ("content_type_id", "codename");
CREATE INDEX IF NOT EXISTS "auth_permission_content_type_id_2f476e4b" ON "auth_permission" ("content_type_id");
CREATE UNIQUE INDEX "MyCareer_userprofile_groups_userprofile_id_group_id_925767a8_uniq" ON "MyCareer_userprofile_groups" ("userprofile_id", "group_id");
CREATE INDEX IF NOT EXISTS "MyCareer_userprofile_groups_userprofile_id_55c6eb34" ON "MyCareer_userprofile_groups" ("userprofile_id");
CREATE INDEX IF NOT EXISTS "MyCareer_userprofile_groups_group_id_e6b8b21b" ON "MyCareer_userprofile_groups" ("group_id");
CREATE UNIQUE INDEX "MyCareer_userprofile_user_permissions_userprofile_id_permission_id_aa680e1c_uniq" ON "MyCareer_userprofile_user_permissions" ("userprofile_id", "permission_id");
CREATE INDEX IF NOT EXISTS "MyCareer_userprofile_user_permissions_userprofile_id_5f432dee" ON "MyCareer_userprofile_user_permissions" ("userprofile_id");
CREATE INDEX IF NOT EXISTS "MyCareer_userprofile_user_permissions_permission_id_34873551" ON "MyCareer_userprofile_user_permissions" ("permission_id");
CREATE INDEX IF NOT EXISTS "MyCareer_vacancy_career_center_id_d1f96407" ON "MyCareer_vacancy" ("career_center_id");
CREATE UNIQUE INDEX "MyCareer_vacancy_additional_images_vacancy_id_additionalimage_id_dcd3f0f9_uniq" ON "MyCareer_vacancy_additional_images" ("vacancy_id", "additionalimage_id");
CREATE INDEX IF NOT EXISTS "MyCareer_vacancy_additional_images_vacancy_id_7cbccd2d" ON "MyCareer_vacancy_additional_images" ("vacancy_id");
CREATE INDEX IF NOT EXISTS "MyCareer_vacancy_additional_images_additionalimage_id_4f70e86d" ON "MyCareer_vacancy_additional_images" ("additionalimage_id");
CREATE UNIQUE INDEX "MyCareer_messenger_career_centers_messenger_id_careercenter_id_2ec4dbb0_uniq" ON "MyCareer_messenger_career_centers" ("messenger_id", "careercenter_id");
CREATE INDEX IF NOT EXISTS "MyCareer_messenger_career_centers_messenger_id_9974427f" ON "MyCareer_messenger_career_centers" ("messenger_id");
CREATE INDEX IF NOT EXISTS "MyCareer_messenger_career_centers_careercenter_id_568c3e63" ON "MyCareer_messenger_career_centers" ("careercenter_id");
CREATE INDEX IF NOT EXISTS "django_admin_log_content_type_id_c4bce8eb" ON "django_admin_log" ("content_type_id");
CREATE INDEX IF NOT EXISTS "django_admin_log_user_id_c564eba6" ON "django_admin_log" ("user_id");
CREATE INDEX IF NOT EXISTS "django_session_expire_date_a5c62663" ON "django_session" ("expire_date");
CREATE INDEX IF NOT EXISTS "MyCareer_message_messenger_id_5f7fbde0" ON "MyCareer_message" ("messenger_id");
CREATE INDEX IF NOT EXISTS "MyCareer_vacancy_employer_id_534d1407" ON "MyCareer_vacancy" ("employer_id");
CREATE TABLE IF NOT EXISTS "django_migrations" ("id" integer NOT NULL PRIMARY KEY AUTOINCREMENT, "app" varchar(255) NOT NULL, "name" varchar(255) NOT NULL, "applied" datetime NOT NULL);
INSERT INTO "django_migrations" VALUES(1,'contenttypes','0001_initial','2023-06-07 22:57:04.592779');
INSERT INTO "django_migrations" VALUES(2,'contenttypes','0002_remove_content_type_name','2023-06-07 22:57:04.626098');
INSERT INTO "django_migrations" VALUES(3,'auth','0001_initial','2023-06-07 22:57:04.679923');
INSERT INTO "django_migrations" VALUES(4,'auth','0002_alter_permission_name_max_length','2023-06-07 22:57:04.715109');
INSERT INTO "django_migrations" VALUES(5,'auth','0003_alter_user_email_max_length','2023-06-07 22:57:04.737245');
INSERT INTO "django_migrations" VALUES(6,'auth','0004_alter_user_username_opts','2023-06-07 22:57:04.760057');
INSERT INTO "django_migrations" VALUES(7,'auth','0005_alter_user_last_login_null','2023-06-07 22:57:04.784337');
INSERT INTO "django_migrations" VALUES(8,'auth','0006_require_contenttypes_0002','2023-06-07 22:57:04.798181');
INSERT INTO "django_migrations" VALUES(9,'auth','0007_alter_validators_add_error_messages','2023-06-07 22:57:04.821889');
INSERT INTO "django_migrations" VALUES(10,'auth','0008_alter_user_username_max_length','2023-06-07 22:57:04.841409');
INSERT INTO "django_migrations" VALUES(11,'auth','0009_alter_user_last_name_max_length','2023-06-07 22:57:04.859671');
INSERT INTO "django_migrations" VALUES(12,'auth','0010_alter_group_name_max_length','2023-06-07 22:57:04.884355');
INSERT INTO "django_migrations" VALUES(13,'auth','0011_update_proxy_permissions','2023-06-07 22:57:04.903913');
INSERT INTO "django_migrations" VALUES(14,'auth','0012_alter_user_first_name_max_length','2023-06-07 22:57:04.921743');
INSERT INTO "django_migrations" VALUES(15,'MyCareer','0001_initial','2023-06-07 22:57:04.980143');
INSERT INTO "django_migrations" VALUES(16,'admin','0001_initial','2023-06-07 22:57:05.016034');
INSERT INTO "django_migrations" VALUES(17,'admin','0002_logentry_remove_auto_add','2023-06-07 22:57:05.052867');
INSERT INTO "django_migrations" VALUES(18,'admin','0003_logentry_add_action_flag_choices','2023-06-07 22:57:05.071930');
INSERT INTO "django_migrations" VALUES(19,'sessions','0001_initial','2023-06-07 22:57:05.096266');
INSERT INTO "django_migrations" VALUES(20,'MyCareer','0002_alter_userprofile_managers_userprofile_is_staff','2023-06-07 22:59:46.568779');
INSERT INTO "django_migrations" VALUES(21,'MyCareer','0003_alter_userprofile_managers_userprofile_company_and_more','2023-06-08 00:42:21.776822');
INSERT INTO "django_migrations" VALUES(22,'MyCareer','0004_userprofile_vacancies','2023-06-08 11:38:46.597374');
INSERT INTO "django_migrations" VALUES(23,'MyCareer','0005_remove_userprofile_vacancies_userprofile_vacancies','2023-06-08 11:38:46.631278');
INSERT INTO "django_migrations" VALUES(24,'MyCareer','0006_alter_userprofile_vacancies','2023-06-08 11:38:46.680396');
INSERT INTO "django_migrations" VALUES(25,'MyCareer','0007_remove_userprofile_vacancies_userprofile_vacancy','2023-06-08 11:57:57.592209');
INSERT INTO "django_migrations" VALUES(26,'MyCareer','0008_remove_userprofile_vacancy','2023-06-08 12:36:26.020394');
INSERT INTO "django_migrations" VALUES(27,'MyCareer','0009_vacancy_employer','2023-06-08 12:56:20.562750');
CREATE UNIQUE INDEX "django_content_type_app_label_model_76bd3d3b_uniq" ON "django_content_type" ("app_label", "model");
CREATE UNIQUE INDEX "auth_group_permissions_group_id_permission_id_0cd325b0_uniq" ON "auth_group_permissions" ("group_id", "permission_id");
CREATE INDEX IF NOT EXISTS "auth_group_permissions_group_id_b120cbf9" ON "auth_group_permissions" ("group_id");
CREATE INDEX IF NOT EXISTS "auth_group_permissions_permission_id_84c5c92e" ON "auth_group_permissions" ("permission_id");
CREATE UNIQUE INDEX "auth_permission_content_type_id_codename_01ab375a_uniq" ON "auth_permission" ("content_type_id", "codename");
CREATE INDEX IF NOT EXISTS "auth_permission_content_type_id_2f476e4b" ON "auth_permission" ("content_type_id");
CREATE UNIQUE INDEX "MyCareer_userprofile_groups_userprofile_id_group_id_925767a8_uniq" ON "MyCareer_userprofile_groups" ("userprofile_id", "group_id");
CREATE INDEX IF NOT EXISTS "MyCareer_userprofile_groups_userprofile_id_55c6eb34" ON "MyCareer_userprofile_groups" ("userprofile_id");
CREATE INDEX IF NOT EXISTS "MyCareer_userprofile_groups_group_id_e6b8b21b" ON "MyCareer_userprofile_groups" ("group_id");
CREATE UNIQUE INDEX "MyCareer_userprofile_user_permissions_userprofile_id_permission_id_aa680e1c_uniq" ON "MyCareer_userprofile_user_permissions" ("userprofile_id", "permission_id");
CREATE INDEX IF NOT EXISTS "MyCareer_userprofile_user_permissions_userprofile_id_5f432dee" ON "MyCareer_userprofile_user_permissions" ("userprofile_id");
CREATE INDEX IF NOT EXISTS "MyCareer_userprofile_user_permissions_permission_id_34873551" ON "MyCareer_userprofile_user_permissions" ("permission_id");
CREATE INDEX IF NOT EXISTS "MyCareer_vacancy_career_center_id_d1f96407" ON "MyCareer_vacancy" ("career_center_id");
CREATE UNIQUE INDEX "MyCareer_vacancy_additional_images_vacancy_id_additionalimage_id_dcd3f0f9_uniq" ON "MyCareer_vacancy_additional_images" ("vacancy_id", "additionalimage_id");
CREATE INDEX IF NOT EXISTS "MyCareer_vacancy_additional_images_vacancy_id_7cbccd2d" ON "MyCareer_vacancy_additional_images" ("vacancy_id");
CREATE INDEX IF NOT EXISTS "MyCareer_vacancy_additional_images_additionalimage_id_4f70e86d" ON "MyCareer_vacancy_additional_images" ("additionalimage_id");
CREATE UNIQUE INDEX "MyCareer_messenger_career_centers_messenger_id_careercenter_id_2ec4dbb0_uniq" ON "MyCareer_messenger_career_centers" ("messenger_id", "careercenter_id");
CREATE INDEX IF NOT EXISTS "MyCareer_messenger_career_centers_messenger_id_9974427f" ON "MyCareer_messenger_career_centers" ("messenger_id");
CREATE INDEX IF NOT EXISTS "MyCareer_messenger_career_centers_careercenter_id_568c3e63" ON "MyCareer_messenger_career_centers" ("careercenter_id");
CREATE INDEX IF NOT EXISTS "django_admin_log_content_type_id_c4bce8eb" ON "django_admin_log" ("content_type_id");
CREATE INDEX IF NOT EXISTS "django_admin_log_user_id_c564eba6" ON "django_admin_log" ("user_id");
CREATE INDEX IF NOT EXISTS "django_session_expire_date_a5c62663" ON "django_session" ("expire_date");
CREATE INDEX IF NOT EXISTS "MyCareer_message_messenger_id_5f7fbde0" ON "MyCareer_message" ("messenger_id");
CREATE INDEX IF NOT EXISTS "MyCareer_vacancy_employer_id_534d1407" ON "MyCareer_vacancy" ("employer_id");
CREATE TABLE IF NOT EXISTS "django_session" ("session_key" varchar(40) NOT NULL PRIMARY KEY, "session_data" text NOT NULL, "expire_date" datetime NOT NULL);
INSERT INTO "django_session" VALUES('tfijbp9tdhkgrmznhkzhludsjjx1qvuw','.eJxVjEEOwiAQRe_C2pAOUCgu3XsGMjCDVA0kpV0Z765NutDtf-_9lwi4rSVsnZcwkzgLEKffLWJ6cN0B3bHemkytrssc5a7Ig3Z5bcTPy-H-HRTs5VvrlJUdbdQIiA7I6Wg8mMkRRcPOjjCgyzjZwVufjELLDg1wVqwgRRLvD9xwN_k:1q729d:w8pkGJ0fpwxDlNk8iqE_7sgmni4w2N5OZehl_rcKMHc','2023-06-21 23:01:25.140651');
INSERT INTO "django_session" VALUES('wttzl0mfxrmfuk43igkkzeqttwhwusnt','.eJxVjMsOwiAUBf-FtSGFy8O4dO83kPsAqRqalHZl_HdD0oVuz8yct0q4bzXtPa9pFnVRoE6_GyE_cxtAHtjui-albetMeij6oF3fFsmv6-H-HVTsddReAoGZzkSUg7WA2Ru2kZ0jJyjOCsRQjIcIjC6DIBsKJU7ArnhWny_1GThz:1q7E1A:dfx7k8TAqBC91d1tcy1vKnTw9mE73tyLWFTavMy92Hw','2023-06-22 11:41:28.070654');
INSERT INTO "django_session" VALUES('9amlckmapx19a422e1rr0fxtemda00l1','.eJxVjMsOwiAUBf-FtSGFy8O4dO83kPsAqRqalHZl_HdD0oVuz8yct0q4bzXtPa9pFnVRoE6_GyE_cxtAHtjui-albetMeij6oF3fFsmv6-H-HVTsddReAoGZzkSUg7WA2Ru2kZ0jJyjOCsRQjIcIjC6DIBsKJU7ArnhWny_1GThz:1q7JBi:-bYUv8iotA2H2Rw__Orz9Z8Bz43kPFdrd8cfi12lxv8','2023-06-22 17:12:42.615193');
CREATE UNIQUE INDEX "django_content_type_app_label_model_76bd3d3b_uniq" ON "django_content_type" ("app_label", "model");
CREATE UNIQUE INDEX "auth_group_permissions_group_id_permission_id_0cd325b0_uniq" ON "auth_group_permissions" ("group_id", "permission_id");
CREATE INDEX IF NOT EXISTS "auth_group_permissions_group_id_b120cbf9" ON "auth_group_permissions" ("group_id");
CREATE INDEX IF NOT EXISTS "auth_group_permissions_permission_id_84c5c92e" ON "auth_group_permissions" ("permission_id");
CREATE UNIQUE INDEX "auth_permission_content_type_id_codename_01ab375a_uniq" ON "auth_permission" ("content_type_id", "codename");
CREATE INDEX IF NOT EXISTS "auth_permission_content_type_id_2f476e4b" ON "auth_permission" ("content_type_id");
CREATE UNIQUE INDEX "MyCareer_userprofile_groups_userprofile_id_group_id_925767a8_uniq" ON "MyCareer_userprofile_groups" ("userprofile_id", "group_id");
CREATE INDEX IF NOT EXISTS "MyCareer_userprofile_groups_userprofile_id_55c6eb34" ON "MyCareer_userprofile_groups" ("userprofile_id");
CREATE INDEX IF NOT EXISTS "MyCareer_userprofile_groups_group_id_e6b8b21b" ON "MyCareer_userprofile_groups" ("group_id");
CREATE UNIQUE INDEX "MyCareer_userprofile_user_permissions_userprofile_id_permission_id_aa680e1c_uniq" ON "MyCareer_userprofile_user_permissions" ("userprofile_id", "permission_id");
CREATE INDEX IF NOT EXISTS "MyCareer_userprofile_user_permissions_userprofile_id_5f432dee" ON "MyCareer_userprofile_user_permissions" ("userprofile_id");
CREATE INDEX IF NOT EXISTS "MyCareer_userprofile_user_permissions_permission_id_34873551" ON "MyCareer_userprofile_user_permissions" ("permission_id");
CREATE INDEX IF NOT EXISTS "MyCareer_vacancy_career_center_id_d1f96407" ON "MyCareer_vacancy" ("career_center_id");
CREATE UNIQUE INDEX "MyCareer_vacancy_additional_images_vacancy_id_additionalimage_id_dcd3f0f9_uniq" ON "MyCareer_vacancy_additional_images" ("vacancy_id", "additionalimage_id");
CREATE INDEX IF NOT EXISTS "MyCareer_vacancy_additional_images_vacancy_id_7cbccd2d" ON "MyCareer_vacancy_additional_images" ("vacancy_id");
CREATE INDEX IF NOT EXISTS "MyCareer_vacancy_additional_images_additionalimage_id_4f70e86d" ON "MyCareer_vacancy_additional_images" ("additionalimage_id");
CREATE UNIQUE INDEX "MyCareer_messenger_career_centers_messenger_id_careercenter_id_2ec4dbb0_uniq" ON "MyCareer_messenger_career_centers" ("messenger_id", "careercenter_id");
CREATE INDEX IF NOT EXISTS "MyCareer_messenger_career_centers_messenger_id_9974427f" ON "MyCareer_messenger_career_centers" ("messenger_id");
CREATE INDEX IF NOT EXISTS "MyCareer_messenger_career_centers_careercenter_id_568c3e63" ON "MyCareer_messenger_career_centers" ("careercenter_id");
CREATE INDEX IF NOT EXISTS "django_admin_log_content_type_id_c4bce8eb" ON "django_admin_log" ("content_type_id");
CREATE INDEX IF NOT EXISTS "django_admin_log_user_id_c564eba6" ON "django_admin_log" ("user_id");
CREATE INDEX IF NOT EXISTS "django_session_expire_date_a5c62663" ON "django_session" ("expire_date");
CREATE INDEX IF NOT EXISTS "MyCareer_message_messenger_id_5f7fbde0" ON "MyCareer_message" ("messenger_id");
CREATE INDEX IF NOT EXISTS "MyCareer_vacancy_employer_id_534d1407" ON "MyCareer_vacancy" ("employer_id");
